model,MAE,RMSE,MAPE
"SARIMAX(1, 1, 1)",110.53827464537989,185.29331055711128,12.738603173914681
"ARIMA(1,1,1)",143.90299805709816,208.02934703106055,16.948403238721966
